A,B,Trips,,,
30,1,1,,,
50,1,2,,,
4,3,4,,,
5,3,3,,,
122,3,1,,,
3,4,2,,,
5,4,393,,,
7,4,258,,,
15,4,2,,,
17,4,2,,,
23,4,1,,,
25,4,1,,,
28,4,1,,,
46,4,1,,,
48,4,1,,,
56,4,2,,,
58,4,2,,,
62,4,1,,,
63,4,2,,,
64,4,2,,,
78,4,6,,,
79,4,2,,,
83,4,1,,,
107,4,1,,,
108,4,3,,,
109,4,2,,,
119,4,1,,,
122,4,6,,,
145,4,2,,,
147,4,2,,,
154,4,2,,,
155,4,1,,,
3,5,2,,,
4,5,399,,,
6,5,3,,,
7,5,88,,,
24,5,1,,,
62,5,2,,,
64,5,1,,,
68,5,4,,,
72,5,1,,,
78,5,3,,,
79,5,1,,,
84,5,3,,,
90,5,1,,,
108,5,1,,,
121,5,1,,,
145,5,3,,,
168,5,2,,,
173,5,2,,,
4,6,1,,,
5,6,2,,,
7,6,1,,,
4,7,266,,,
5,7,77,,,
6,7,1,,,
17,7,2,,,
56,7,2,,,
63,7,1,,,
79,7,5,,,
111,7,1,,,
173,7,2,,,
9,8,17,,,
16,8,1,,,
20,8,9,,,
21,8,3,,,
22,8,9,,,
23,8,8,,,
24,8,1,,,
38,8,1,,,
47,8,19,,,
48,8,28,,,
58,8,2,,,
72,8,2,,,
84,8,4,,,
85,8,2,,,
86,8,2,,,
87,8,3,,,
90,8,1,,,
91,8,1,,,
94,8,1,,,
101,8,1,,,
102,8,23,,,
106,8,1,,,
107,8,13,,,
108,8,13,,,
109,8,1,,,
110,8,1,,,
111,8,1,,,
116,8,1,,,
117,8,1,,,
118,8,2,,,
119,8,1,,,
124,8,3,,,
125,8,5,,,
126,8,3,,,
139,8,11,,,
140,8,4,,,
142,8,2,,,
143,8,1,,,
151,8,2,,,
152,8,4,,,
153,8,4,,,
160,8,1,,,
166,8,4,,,
167,8,4,,,
169,8,1,,,
170,8,12,,,
171,8,2,,,
176,8,16,,,
177,8,1,,,
181,8,1,,,
8,9,28,,,
20,9,1,,,
22,9,1,,,
38,9,1,,,
47,9,3,,,
48,9,5,,,
54,9,1,,,
84,9,2,,,
89,9,1,,,
101,9,1,,,
102,9,5,,,
107,9,6,,,
108,9,4,,,
109,9,1,,,
116,9,1,,,
117,9,1,,,
118,9,1,,,
120,9,1,,,
124,9,2,,,
125,9,1,,,
139,9,40,,,
140,9,18,,,
141,9,1,,,
143,9,1,,,
151,9,4,,,
166,9,1,,,
168,9,1,,,
169,9,10,,,
170,9,30,,,
171,9,3,,,
173,9,1,,,
176,9,2,,,
177,9,2,,,
11,10,8,,,
53,10,2,,,
71,10,1,,,
91,10,1,,,
117,10,3,,,
167,10,1,,,
179,10,1,,,
10,11,8,,,
37,11,2,,,
91,11,1,,,
177,11,1,,,
13,12,2,,,
14,12,1,,,
56,12,1,,,
92,12,16,,,
93,12,6,,,
92,13,9,,,
94,13,2,,,
12,14,1,,,
21,14,1,,,
34,14,1,,,
37,14,1,,,
53,14,1,,,
92,14,12,,,
93,14,2,,,
94,14,4,,,
180,14,1,,,
4,15,1,,,
16,15,53,,,
20,15,1,,,
21,15,3,,,
22,15,4,,,
39,15,2,,,
46,15,1,,,
53,15,1,,,
54,15,1,,,
58,15,33,,,
59,15,26,,,
66,15,1,,,
67,15,1,,,
72,15,3,,,
75,15,2,,,
87,15,13,,,
88,15,1,,,
90,15,6,,,
91,15,1,,,
107,15,11,,,
108,15,9,,,
109,15,2,,,
117,15,4,,,
118,15,2,,,
120,15,1,,,
142,15,14,,,
143,15,3,,,
151,15,4,,,
152,15,6,,,
170,15,2,,,
173,15,1,,,
176,15,1,,,
177,15,3,,,
8,16,1,,,
15,16,52,,,
21,16,1,,,
38,16,1,,,
46,16,1,,,
47,16,2,,,
53,16,1,,,
54,16,2,,,
58,16,16,,,
59,16,17,,,
71,16,1,,,
72,16,4,,,
73,16,2,,,
82,16,1,,,
85,16,1,,,
87,16,82,,,
88,16,6,,,
91,16,1,,,
104,16,3,,,
107,16,15,,,
108,16,6,,,
109,16,2,,,
116,16,1,,,
117,16,1,,,
118,16,6,,,
124,16,1,,,
127,16,1,,,
129,16,5,,,
142,16,7,,,
143,16,5,,,
151,16,8,,,
152,16,5,,,
166,16,2,,,
167,16,1,,,
170,16,1,,,
176,16,4,,,
177,16,1,,,
180,16,1,,,
4,17,1,,,
7,17,1,,,
16,17,2,,,
46,17,20,,,
56,17,103,,,
57,17,9,,,
58,17,1,,,
66,17,2,,,
76,17,38,,,
104,17,1,,,
107,17,4,,,
110,17,1,,,
138,17,6,,,
143,17,1,,,
146,17,1,,,
147,17,52,,,
154,17,3,,,
8,20,12,,,
9,20,1,,,
11,20,1,,,
21,20,31,,,
22,20,15,,,
23,20,17,,,
58,20,3,,,
59,20,1,,,
72,20,2,,,
73,20,1,,,
89,20,1,,,
90,20,2,,,
91,20,1,,,
102,20,24,,,
106,20,1,,,
107,20,7,,,
108,20,12,,,
109,20,1,,,
116,20,2,,,
117,20,2,,,
118,20,6,,,
120,20,1,,,
125,20,1,,,
139,20,1,,,
151,20,3,,,
152,20,1,,,
166,20,28,,,
167,20,5,,,
168,20,16,,,
176,20,7,,,
177,20,3,,,
180,20,1,,,
8,21,1,,,
14,21,1,,,
15,21,3,,,
16,21,1,,,
20,21,34,,,
22,21,46,,,
23,21,6,,,
37,21,1,,,
38,21,1,,,
47,21,1,,,
48,21,1,,,
56,21,2,,,
58,21,4,,,
72,21,2,,,
77,21,1,,,
81,21,1,,,
82,21,1,,,
86,21,1,,,
87,21,3,,,
88,21,1,,,
89,21,2,,,
90,21,8,,,
91,21,1,,,
102,21,11,,,
106,21,3,,,
107,21,11,,,
108,21,9,,,
116,21,2,,,
117,21,3,,,
118,21,18,,,
124,21,1,,,
129,21,1,,,
142,21,1,,,
151,21,35,,,
152,21,2,,,
166,21,23,,,
167,21,3,,,
168,21,13,,,
171,21,1,,,
176,21,8,,,
177,21,5,,,
180,21,1,,,
8,22,6,,,
15,22,2,,,
20,22,4,,,
21,22,39,,,
23,22,22,,,
25,22,1,,,
39,22,1,,,
47,22,3,,,
48,22,3,,,
53,22,1,,,
54,22,1,,,
57,22,1,,,
58,22,6,,,
59,22,3,,,
72,22,2,,,
87,22,4,,,
88,22,1,,,
89,22,2,,,
90,22,1,,,
91,22,3,,,
101,22,1,,,
102,22,9,,,
104,22,1,,,
105,22,1,,,
106,22,1,,,
107,22,15,,,
108,22,17,,,
109,22,3,,,
116,22,5,,,
117,22,2,,,
118,22,3,,,
119,22,1,,,
124,22,1,,,
125,22,1,,,
139,22,2,,,
140,22,1,,,
142,22,4,,,
143,22,7,,,
151,22,25,,,
152,22,4,,,
166,22,9,,,
167,22,3,,,
168,22,10,,,
171,22,1,,,
173,22,1,,,
176,22,5,,,
177,22,35,,,
180,22,1,,,
5,23,1,,,
8,23,9,,,
15,23,1,,,
20,23,20,,,
21,23,8,,,
22,23,12,,,
47,23,12,,,
48,23,1,,,
53,23,1,,,
54,23,1,,,
58,23,1,,,
59,23,2,,,
90,23,1,,,
101,23,3,,,
102,23,4,,,
106,23,2,,,
107,23,4,,,
108,23,2,,,
109,23,1,,,
116,23,1,,,
117,23,1,,,
118,23,1,,,
119,23,2,,,
124,23,5,,,
125,23,1,,,
139,23,1,,,
143,23,2,,,
151,23,4,,,
155,23,1,,,
166,23,7,,,
168,23,3,,,
173,23,2,,,
176,23,1,,,
177,23,5,,,
180,23,6,,,
5,24,1,,,
25,24,19,,,
47,24,2,,,
48,24,4,,,
66,24,2,,,
67,24,1,,,
72,24,2,,,
73,24,3,,,
76,24,1,,,
81,24,2,,,
82,24,3,,,
84,24,8,,,
85,24,3,,,
86,24,4,,,
102,24,1,,,
104,24,9,,,
107,24,6,,,
108,24,8,,,
110,24,3,,,
111,24,12,,,
118,24,1,,,
119,24,13,,,
120,24,20,,,
124,24,1,,,
125,24,4,,,
126,24,3,,,
141,24,1,,,
142,24,2,,,
143,24,1,,,
152,24,1,,,
173,24,6,,,
174,24,1,,,
176,24,1,,,
177,24,3,,,
7,25,1,,,
16,25,1,,,
22,25,1,,,
24,25,17,,,
48,25,1,,,
54,25,1,,,
56,25,1,,,
58,25,1,,,
72,25,1,,,
81,25,6,,,
82,25,8,,,
84,25,1,,,
86,25,5,,,
104,25,41,,,
107,25,7,,,
108,25,1,,,
110,25,2,,,
111,25,2,,,
119,25,3,,,
120,25,3,,,
121,25,1,,,
125,25,2,,,
129,25,1,,,
142,25,2,,,
143,25,2,,,
147,25,2,,,
152,25,1,,,
154,25,1,,,
155,25,1,,,
168,25,2,,,
170,25,1,,,
171,25,1,,,
173,25,3,,,
176,25,2,,,
64,26,1,,,
73,27,1,,,
7,28,1,,,
64,28,1,,,
89,28,1,,,
67,30,2,,,
68,30,1,,,
69,30,1,,,
73,30,4,,,
181,30,3,,,
32,31,1,,,
33,31,1,,,
70,31,1,,,
73,31,3,,,
75,31,7,,,
73,32,1,,,
32,33,1,,,
73,33,6,,,
75,33,2,,,
13,34,1,,,
35,34,4,,,
37,34,1,,,
71,34,1,,,
93,34,1,,,
180,34,1,,,
11,35,1,,,
14,35,1,,,
22,35,1,,,
34,35,4,,,
36,35,3,,,
37,35,22,,,
38,35,4,,,
39,35,1,,,
54,35,3,,,
55,35,1,,,
58,35,1,,,
71,35,1,,,
72,35,1,,,
89,35,1,,,
91,35,2,,,
93,35,2,,,
94,35,4,,,
101,35,1,,,
108,35,2,,,
117,35,1,,,
125,35,1,,,
143,35,2,,,
169,35,1,,,
176,35,1,,,
183,35,2,,,
35,36,1,,,
38,36,1,,,
72,36,3,,,
127,36,4,,,
10,37,2,,,
14,37,1,,,
15,37,1,,,
34,37,1,,,
35,37,21,,,
38,37,18,,,
39,37,34,,,
54,37,1,,,
56,37,1,,,
58,37,2,,,
71,37,9,,,
72,37,12,,,
85,37,1,,,
87,37,3,,,
88,37,1,,,
91,37,5,,,
92,37,1,,,
93,37,1,,,
94,37,1,,,
107,37,5,,,
108,37,1,,,
116,37,4,,,
117,37,4,,,
118,37,3,,,
124,37,1,,,
127,37,1,,,
129,37,1,,,
151,37,3,,,
168,37,1,,,
179,37,2,,,
9,38,1,,,
16,38,1,,,
21,38,1,,,
35,38,1,,,
36,38,1,,,
37,38,13,,,
39,38,2,,,
40,38,7,,,
53,38,4,,,
54,38,9,,,
57,38,1,,,
58,38,1,,,
71,38,9,,,
72,38,8,,,
87,38,7,,,
89,38,2,,,
90,38,1,,,
91,38,1,,,
102,38,1,,,
106,38,1,,,
116,38,1,,,
117,38,4,,,
118,38,3,,,
127,38,1,,,
143,38,1,,,
151,38,1,,,
168,38,1,,,
176,38,1,,,
177,38,1,,,
14,39,1,,,
31,39,4,,,
35,39,2,,,
37,39,36,,,
38,39,5,,,
54,39,4,,,
58,39,1,,,
71,39,22,,,
72,39,13,,,
84,39,1,,,
87,39,2,,,
89,39,5,,,
90,39,2,,,
91,39,7,,,
102,39,3,,,
106,39,1,,,
107,39,2,,,
108,39,1,,,
116,39,5,,,
117,39,3,,,
118,39,4,,,
127,39,1,,,
143,39,1,,,
151,39,1,,,
152,39,1,,,
166,39,3,,,
168,39,1,,,
177,39,4,,,
183,39,1,,,
10,40,2,,,
38,40,6,,,
53,40,2,,,
54,40,3,,,
71,40,1,,,
72,40,1,,,
87,40,1,,,
89,40,1,,,
127,40,1,,,
129,40,1,,,
5,46,1,,,
17,46,17,,,
56,46,63,,,
57,46,39,,,
63,46,1,,,
76,46,6,,,
77,46,1,,,
81,46,2,,,
82,46,1,,,
86,46,1,,,
87,46,1,,,
104,46,2,,,
107,46,5,,,
108,46,1,,,
109,46,1,,,
111,46,1,,,
120,46,1,,,
138,46,12,,,
146,46,2,,,
147,46,44,,,
154,46,1,,,
160,46,2,,,
173,46,1,,,
176,46,1,,,
8,47,22,,,
9,47,4,,,
16,47,2,,,
20,47,4,,,
22,47,4,,,
23,47,9,,,
24,47,3,,,
48,47,44,,,
58,47,2,,,
59,47,1,,,
71,47,1,,,
72,47,1,,,
84,47,2,,,
102,47,5,,,
104,47,3,,,
106,47,1,,,
107,47,12,,,
108,47,14,,,
109,47,1,,,
116,47,1,,,
119,47,3,,,
124,47,5,,,
125,47,2,,,
126,47,1,,,
139,47,3,,,
142,47,3,,,
143,47,1,,,
152,47,2,,,
166,47,3,,,
170,47,2,,,
174,47,1,,,
176,47,18,,,
177,47,1,,,
4,48,1,,,
8,48,29,,,
9,48,7,,,
21,48,2,,,
22,48,2,,,
23,48,1,,,
24,48,5,,,
47,48,36,,,
58,48,2,,,
72,48,1,,,
81,48,1,,,
82,48,1,,,
84,48,5,,,
85,48,1,,,
86,48,4,,,
87,48,1,,,
89,48,1,,,
90,48,1,,,
102,48,3,,,
104,48,3,,,
105,48,1,,,
106,48,3,,,
107,48,13,,,
108,48,12,,,
111,48,1,,,
112,48,1,,,
119,48,2,,,
120,48,2,,,
124,48,3,,,
125,48,8,,,
126,48,7,,,
139,48,14,,,
140,48,1,,,
143,48,2,,,
152,48,3,,,
166,48,2,,,
167,48,1,,,
168,48,3,,,
170,48,18,,,
171,48,19,,,
176,48,10,,,
177,48,2,,,
91,49,1,,,
94,49,3,,,
49,50,2,,,
93,50,1,,,
111,50,1,,,
16,53,1,,,
22,53,1,,,
23,53,1,,,
35,53,1,,,
37,53,1,,,
38,53,4,,,
54,53,33,,,
58,53,2,,,
71,53,2,,,
72,53,6,,,
73,53,2,,,
84,53,1,,,
87,53,6,,,
89,53,2,,,
91,53,2,,,
102,53,1,,,
104,53,1,,,
106,53,1,,,
107,53,2,,,
109,53,3,,,
116,53,1,,,
118,53,1,,,
127,53,2,,,
129,53,4,,,
9,54,1,,,
15,54,1,,,
16,54,1,,,
22,54,1,,,
25,54,1,,,
35,54,3,,,
37,54,2,,,
38,54,6,,,
39,54,3,,,
40,54,3,,,
49,54,1,,,
53,54,32,,,
58,54,2,,,
59,54,11,,,
71,54,10,,,
72,54,7,,,
87,54,13,,,
88,54,14,,,
89,54,2,,,
107,54,7,,,
108,54,3,,,
109,54,3,,,
117,54,2,,,
127,54,31,,,
128,54,10,,,
129,54,72,,,
142,54,2,,,
143,54,4,,,
151,54,1,,,
166,54,2,,,
167,54,1,,,
168,54,2,,,
35,55,1,,,
156,55,1,,,
4,56,3,,,
5,56,1,,,
7,56,1,,,
10,56,1,,,
17,56,110,,,
21,56,1,,,
25,56,1,,,
46,56,70,,,
57,56,40,,,
63,56,1,,,
66,56,1,,,
73,56,2,,,
76,56,33,,,
77,56,2,,,
81,56,1,,,
85,56,1,,,
89,56,1,,,
104,56,3,,,
107,56,2,,,
108,56,1,,,
109,56,2,,,
119,56,2,,,
125,56,1,,,
138,56,32,,,
146,56,4,,,
147,56,146,,,
154,56,9,,,
166,56,1,,,
8,57,1,,,
17,57,16,,,
22,57,1,,,
38,57,1,,,
41,57,1,,,
46,57,37,,,
56,57,35,,,
63,57,2,,,
76,57,6,,,
108,57,1,,,
138,57,23,,,
143,57,2,,,
147,57,37,,,
155,57,3,,,
176,57,1,,,
8,58,2,,,
9,58,1,,,
15,58,37,,,
16,58,12,,,
17,58,1,,,
21,58,4,,,
22,58,3,,,
23,58,1,,,
35,58,1,,,
38,58,1,,,
39,58,1,,,
47,58,1,,,
48,58,2,,,
53,58,2,,,
54,58,2,,,
59,58,32,,,
71,58,2,,,
72,58,3,,,
73,58,2,,,
87,58,18,,,
88,58,2,,,
89,58,3,,,
102,58,1,,,
104,58,1,,,
107,58,13,,,
108,58,10,,,
109,58,2,,,
116,58,9,,,
117,58,1,,,
118,58,5,,,
119,58,3,,,
120,58,1,,,
124,58,1,,,
125,58,1,,,
139,58,1,,,
142,58,44,,,
143,58,17,,,
151,58,53,,,
152,58,12,,,
167,58,1,,,
177,58,11,,,
179,58,1,,,
14,59,1,,,
15,59,26,,,
16,59,16,,,
20,59,1,,,
21,59,1,,,
22,59,4,,,
23,59,2,,,
39,59,1,,,
47,59,1,,,
54,59,12,,,
58,59,41,,,
64,59,1,,,
71,59,1,,,
72,59,6,,,
77,59,1,,,
87,59,42,,,
90,59,1,,,
101,59,1,,,
102,59,1,,,
107,59,9,,,
108,59,4,,,
109,59,1,,,
116,59,18,,,
118,59,3,,,
124,59,1,,,
129,59,3,,,
142,59,6,,,
143,59,1,,,
151,59,18,,,
173,59,1,,,
177,59,1,,,
4,62,3,,,
5,62,1,,,
7,62,1,,,
4,63,1,,,
7,63,2,,,
46,63,1,,,
56,63,1,,,
57,63,2,,,
138,63,1,,,
147,63,2,,,
4,64,2,,,
7,64,1,,,
15,64,2,,,
28,64,1,,,
59,64,1,,,
65,64,62,,,
66,64,222,,,
67,64,177,,,
68,64,211,,,
69,64,33,,,
70,64,72,,,
75,64,2,,,
77,64,2,,,
98,64,1,,,
112,64,1,,,
130,64,8,,,
131,64,1,,,
140,64,1,,,
64,65,74,,,
66,65,16,,,
67,65,29,,,
68,65,16,,,
70,65,2,,,
97,65,1,,,
5,66,1,,,
15,66,1,,,
30,66,1,,,
64,66,224,,,
65,66,15,,,
67,66,85,,,
68,66,47,,,
69,66,18,,,
70,66,46,,,
102,66,2,,,
130,66,2,,,
172,66,2,,,
15,67,1,,,
64,67,166,,,
65,67,38,,,
66,67,86,,,
68,67,30,,,
69,67,5,,,
70,67,33,,,
83,67,1,,,
97,67,1,,,
98,67,1,,,
107,67,3,,,
130,67,1,,,
5,68,3,,,
64,68,214,,,
65,68,17,,,
66,68,51,,,
67,68,30,,,
69,68,7,,,
70,68,24,,,
73,68,2,,,
78,68,4,,,
81,68,1,,,
96,68,1,,,
97,68,3,,,
107,68,1,,,
119,68,2,,,
121,68,1,,,
130,68,3,,,
131,68,1,,,
156,68,1,,,
64,69,35,,,
65,69,2,,,
66,69,16,,,
67,69,6,,,
68,69,7,,,
70,69,28,,,
98,69,7,,,
113,69,1,,,
140,69,1,,,
31,70,1,,,
64,70,68,,,
65,70,4,,,
66,70,39,,,
67,70,25,,,
68,70,28,,,
69,70,34,,,
98,70,1,,,
107,70,1,,,
113,70,1,,,
130,70,3,,,
153,70,1,,,
16,71,1,,,
22,71,1,,,
23,71,1,,,
34,71,1,,,
35,71,2,,,
37,71,11,,,
38,71,8,,,
39,71,29,,,
40,71,2,,,
47,71,1,,,
53,71,2,,,
54,71,7,,,
58,71,3,,,
59,71,1,,,
72,71,27,,,
81,71,1,,,
87,71,8,,,
88,71,3,,,
89,71,5,,,
90,71,6,,,
91,71,14,,,
92,71,2,,,
94,71,2,,,
102,71,1,,,
105,71,2,,,
106,71,3,,,
107,71,3,,,
109,71,1,,,
116,71,5,,,
117,71,25,,,
118,71,10,,,
119,71,1,,,
127,71,2,,,
128,71,2,,,
151,71,3,,,
166,71,1,,,
168,71,2,,,
171,71,1,,,
176,71,2,,,
177,71,1,,,
179,71,1,,,
180,71,2,,,
5,72,1,,,
8,72,2,,,
15,72,3,,,
16,72,5,,,
21,72,3,,,
22,72,2,,,
24,72,1,,,
25,72,1,,,
35,72,2,,,
36,72,3,,,
37,72,4,,,
38,72,8,,,
39,72,10,,,
40,72,1,,,
47,72,2,,,
53,72,5,,,
54,72,7,,,
58,72,5,,,
59,72,4,,,
71,72,32,,,
81,72,1,,,
87,72,17,,,
88,72,8,,,
89,72,6,,,
90,72,2,,,
91,72,6,,,
92,72,1,,,
102,72,2,,,
106,72,1,,,
107,72,4,,,
108,72,2,,,
109,72,1,,,
116,72,15,,,
117,72,23,,,
118,72,22,,,
125,72,1,,,
127,72,6,,,
128,72,3,,,
129,72,2,,,
142,72,1,,,
151,72,6,,,
152,72,2,,,
167,72,1,,,
168,72,2,,,
171,72,1,,,
177,72,2,,,
179,72,1,,,
180,72,4,,,
1,73,5,,,
8,73,4,,,
11,73,4,,,
16,73,2,,,
24,73,2,,,
27,73,1,,,
30,73,6,,,
31,73,8,,,
33,73,7,,,
46,73,2,,,
48,73,1,,,
56,73,2,,,
64,73,2,,,
71,73,2,,,
74,73,56,,,
75,73,92,,,
84,73,3,,,
85,73,2,,,
87,73,1,,,
106,73,2,,,
107,73,1,,,
112,73,2,,,
113,73,1,,,
114,73,2,,,
115,73,12,,,
119,73,2,,,
134,73,1,,,
143,73,2,,,
153,73,6,,,
154,73,1,,,
157,73,1,,,
167,73,1,,,
172,73,2,,,
181,73,2,,,
73,74,51,,,
75,74,3,,,
135,74,4,,,
4,75,1,,,
31,75,8,,,
33,75,1,,,
48,75,1,,,
66,75,2,,,
72,75,1,,,
73,75,96,,,
74,75,2,,,
85,75,4,,,
108,75,1,,,
153,75,6,,,
17,76,38,,,
46,76,6,,,
56,76,41,,,
57,76,4,,,
107,76,1,,,
108,76,1,,,
111,76,1,,,
112,76,6,,,
138,76,2,,,
146,76,6,,,
147,76,19,,,
154,76,1,,,
173,76,2,,,
17,77,1,,,
46,77,2,,,
56,77,1,,,
59,77,1,,,
64,77,2,,,
143,77,1,,,
147,77,4,,,
4,78,6,,,
5,78,2,,,
68,78,4,,,
142,78,1,,,
4,79,4,,,
5,79,1,,,
6,79,2,,,
7,79,2,,,
78,79,1,,,
86,79,1,,,
21,81,1,,,
24,81,3,,,
25,81,6,,,
46,81,1,,,
48,81,1,,,
56,81,1,,,
68,81,1,,,
71,81,1,,,
82,81,32,,,
84,81,1,,,
86,81,1,,,
87,81,1,,,
104,81,14,,,
107,81,4,,,
108,81,4,,,
109,81,1,,,
110,81,4,,,
119,81,2,,,
120,81,1,,,
124,81,2,,,
143,81,1,,,
173,81,10,,,
174,81,7,,,
175,81,1,,,
4,82,1,,,
16,82,1,,,
21,82,1,,,
24,82,2,,,
25,82,9,,,
48,82,1,,,
81,82,33,,,
102,82,1,,,
104,82,16,,,
107,82,20,,,
108,82,4,,,
109,82,1,,,
110,82,1,,,
111,82,1,,,
116,82,2,,,
119,82,5,,,
120,82,1,,,
121,82,3,,,
125,82,2,,,
127,82,1,,,
143,82,8,,,
146,82,2,,,
147,82,1,,,
152,82,2,,,
170,82,1,,,
171,82,1,,,
173,82,1,,,
176,82,1,,,
4,83,2,,,
67,83,1,,,
145,83,2,,,
8,84,1,,,
9,84,2,,,
24,84,3,,,
25,84,1,,,
39,84,1,,,
47,84,2,,,
48,84,3,,,
53,84,1,,,
59,84,1,,,
71,84,1,,,
81,84,1,,,
85,84,14,,,
86,84,4,,,
87,84,1,,,
102,84,3,,,
104,84,3,,,
105,84,1,,,
107,84,8,,,
108,84,6,,,
110,84,1,,,
119,84,7,,,
120,84,12,,,
124,84,5,,,
125,84,6,,,
126,84,16,,,
139,84,1,,,
152,84,1,,,
170,84,4,,,
171,84,9,,,
173,84,3,,,
176,84,2,,,
8,85,3,,,
9,85,1,,,
24,85,4,,,
48,85,1,,,
84,85,14,,,
86,85,7,,,
93,85,1,,,
102,85,3,,,
107,85,1,,,
108,85,2,,,
109,85,1,,,
111,85,1,,,
113,85,3,,,
116,85,1,,,
119,85,6,,,
120,85,5,,,
124,85,1,,,
125,85,1,,,
143,85,3,,,
147,85,1,,,
152,85,1,,,
166,85,1,,,
168,85,1,,,
170,85,4,,,
171,85,2,,,
173,85,4,,,
8,86,2,,,
21,86,1,,,
24,86,6,,,
25,86,5,,,
79,86,1,,,
84,86,6,,,
85,86,4,,,
99,86,1,,,
100,86,3,,,
102,86,1,,,
104,86,2,,,
105,86,1,,,
107,86,10,,,
108,86,7,,,
109,86,1,,,
110,86,6,,,
111,86,4,,,
119,86,6,,,
120,86,1,,,
121,86,1,,,
124,86,1,,,
125,86,3,,,
126,86,1,,,
152,86,2,,,
171,86,2,,,
176,86,1,,,
8,87,3,,,
14,87,1,,,
15,87,11,,,
16,87,87,,,
17,87,2,,,
21,87,4,,,
22,87,3,,,
24,87,1,,,
34,87,1,,,
37,87,3,,,
38,87,4,,,
39,87,2,,,
40,87,1,,,
53,87,5,,,
54,87,10,,,
57,87,2,,,
58,87,14,,,
59,87,47,,,
71,87,5,,,
72,87,20,,,
73,87,1,,,
81,87,1,,,
84,87,1,,,
88,87,23,,,
89,87,4,,,
90,87,1,,,
91,87,3,,,
92,87,1,,,
93,87,1,,,
101,87,1,,,
102,87,1,,,
104,87,1,,,
105,87,5,,,
106,87,2,,,
107,87,12,,,
108,87,5,,,
109,87,2,,,
116,87,31,,,
117,87,5,,,
118,87,23,,,
126,87,1,,,
127,87,2,,,
128,87,6,,,
129,87,2,,,
139,87,1,,,
142,87,8,,,
143,87,4,,,
151,87,10,,,
152,87,3,,,
166,87,3,,,
167,87,1,,,
170,87,1,,,
176,87,1,,,
177,87,1,,,
15,88,1,,,
16,88,5,,,
21,88,1,,,
22,88,1,,,
38,88,2,,,
53,88,1,,,
54,88,14,,,
58,88,1,,,
71,88,3,,,
72,88,3,,,
81,88,3,,,
87,88,22,,,
107,88,4,,,
108,88,1,,,
116,88,6,,,
118,88,4,,,
124,88,1,,,
127,88,1,,,
128,88,1,,,
129,88,4,,,
142,88,1,,,
143,88,2,,,
151,88,1,,,
167,88,1,,,
177,88,2,,,
4,89,2,,,
13,89,2,,,
20,89,1,,,
21,89,4,,,
22,89,2,,,
23,89,1,,,
34,89,1,,,
35,89,1,,,
38,89,2,,,
39,89,8,,,
47,89,1,,,
48,89,1,,,
53,89,1,,,
54,89,2,,,
58,89,1,,,
71,89,3,,,
72,89,6,,,
84,89,2,,,
87,89,4,,,
88,89,1,,,
90,89,98,,,
91,89,33,,,
94,89,2,,,
101,89,2,,,
102,89,1,,,
104,89,1,,,
105,89,37,,,
106,89,24,,,
107,89,2,,,
108,89,4,,,
116,89,2,,,
117,89,5,,,
118,89,7,,,
124,89,1,,,
127,89,2,,,
129,89,2,,,
138,89,1,,,
139,89,4,,,
143,89,1,,,
151,89,3,,,
166,89,6,,,
167,89,3,,,
168,89,19,,,
176,89,1,,,
179,89,12,,,
180,89,36,,,
181,89,1,,,
183,89,2,,,
8,90,1,,,
15,90,6,,,
20,90,1,,,
21,90,11,,,
22,90,2,,,
23,90,2,,,
38,90,1,,,
39,90,1,,,
47,90,1,,,
48,90,1,,,
53,90,1,,,
59,90,1,,,
71,90,8,,,
72,90,2,,,
87,90,1,,,
89,90,95,,,
91,90,42,,,
102,90,1,,,
105,90,10,,,
106,90,21,,,
107,90,2,,,
108,90,2,,,
109,90,3,,,
116,90,6,,,
117,90,15,,,
118,90,16,,,
147,90,1,,,
151,90,2,,,
152,90,1,,,
166,90,3,,,
167,90,21,,,
168,90,13,,,
170,90,2,,,
176,90,1,,,
177,90,2,,,
179,90,2,,,
180,90,2,,,
183,90,1,,,
4,91,1,,,
8,91,1,,,
15,91,1,,,
20,91,1,,,
21,91,1,,,
22,91,3,,,
34,91,1,,,
35,91,1,,,
37,91,4,,,
38,91,3,,,
39,91,3,,,
40,91,1,,,
47,91,2,,,
53,91,2,,,
58,91,1,,,
71,91,17,,,
72,91,8,,,
87,91,3,,,
89,91,38,,,
90,91,37,,,
101,91,1,,,
102,91,4,,,
105,91,1,,,
106,91,12,,,
107,91,5,,,
108,91,3,,,
116,91,7,,,
117,91,20,,,
118,91,16,,,
125,91,1,,,
139,91,1,,,
142,91,1,,,
143,91,1,,,
152,91,3,,,
166,91,1,,,
167,91,3,,,
168,91,7,,,
169,91,1,,,
179,91,5,,,
181,91,1,,,
12,92,21,,,
13,92,6,,,
14,92,13,,,
35,92,3,,,
37,92,2,,,
72,92,1,,,
87,92,1,,,
93,92,106,,,
94,92,41,,,
95,92,1,,,
100,92,1,,,
107,92,1,,,
118,92,1,,,
124,92,1,,,
161,92,1,,,
165,92,1,,,
166,92,1,,,
12,93,4,,,
14,93,3,,,
34,93,1,,,
35,93,2,,,
37,93,1,,,
85,93,1,,,
87,93,1,,,
90,93,1,,,
92,93,98,,,
94,93,190,,,
95,93,1,,,
101,93,1,,,
107,93,1,,,
127,93,1,,,
129,93,1,,,
148,93,4,,,
165,93,1,,,
8,94,1,,,
9,94,1,,,
14,94,3,,,
35,94,5,,,
37,94,3,,,
49,94,3,,,
71,94,2,,,
92,94,45,,,
93,94,181,,,
95,94,3,,,
106,94,1,,,
107,94,1,,,
108,94,3,,,
148,94,1,,,
163,94,1,,,
164,94,12,,,
165,94,7,,,
92,95,1,,,
93,95,1,,,
94,95,3,,,
65,97,1,,,
67,97,1,,,
68,97,3,,,
67,98,1,,,
69,98,6,,,
70,98,1,,,
79,98,1,,,
100,98,1,,,
108,98,1,,,
110,98,1,,,
120,98,1,,,
130,98,1,,,
86,99,1,,,
98,99,1,,,
84,100,1,,,
86,100,2,,,
98,100,1,,,
126,100,1,,,
143,100,1,,,
23,101,2,,,
39,101,1,,,
48,101,1,,,
59,101,1,,,
87,101,1,,,
89,101,1,,,
102,101,13,,,
105,101,6,,,
106,101,20,,,
107,101,3,,,
108,101,2,,,
109,101,1,,,
118,101,3,,,
139,101,16,,,
140,101,4,,,
143,101,1,,,
151,101,1,,,
154,101,4,,,
166,101,3,,,
167,101,4,,,
176,101,1,,,
177,101,4,,,
180,101,3,,,
181,101,4,,,
8,102,20,,,
9,102,10,,,
20,102,23,,,
21,102,19,,,
22,102,7,,,
23,102,6,,,
38,102,1,,,
39,102,3,,,
47,102,4,,,
48,102,4,,,
53,102,1,,,
58,102,3,,,
71,102,1,,,
72,102,2,,,
82,102,1,,,
84,102,4,,,
85,102,1,,,
86,102,1,,,
87,102,1,,,
90,102,3,,,
91,102,2,,,
101,102,14,,,
104,102,1,,,
105,102,2,,,
106,102,9,,,
107,102,15,,,
108,102,11,,,
109,102,2,,,
110,102,1,,,
116,102,2,,,
117,102,2,,,
118,102,6,,,
125,102,3,,,
139,102,23,,,
140,102,1,,,
143,102,7,,,
151,102,4,,,
152,102,3,,,
166,102,19,,,
167,102,17,,,
168,102,27,,,
170,102,1,,,
171,102,1,,,
173,102,1,,,
176,102,7,,,
177,102,10,,,
179,102,2,,,
180,102,2,,,
181,102,1,,,
73,103,1,,,
117,103,1,,,
8,104,1,,,
21,104,1,,,
22,104,1,,,
24,104,6,,,
25,104,28,,,
46,104,3,,,
47,104,2,,,
48,104,4,,,
53,104,1,,,
56,104,3,,,
59,104,2,,,
77,104,1,,,
81,104,18,,,
82,104,15,,,
84,104,2,,,
85,104,1,,,
86,104,2,,,
87,104,1,,,
107,104,13,,,
108,104,14,,,
109,104,2,,,
111,104,2,,,
116,104,2,,,
117,104,1,,,
118,104,1,,,
119,104,19,,,
120,104,18,,,
124,104,8,,,
125,104,5,,,
139,104,2,,,
142,104,1,,,
143,104,8,,,
147,104,1,,,
151,104,1,,,
152,104,4,,,
166,104,1,,,
170,104,2,,,
171,104,1,,,
173,104,5,,,
174,104,1,,,
176,104,7,,,
177,104,3,,,
21,105,1,,,
22,105,1,,,
34,105,1,,,
38,105,1,,,
48,105,1,,,
53,105,1,,,
71,105,2,,,
84,105,1,,,
87,105,5,,,
89,105,40,,,
90,105,5,,,
91,105,1,,,
92,105,1,,,
101,105,7,,,
102,105,4,,,
106,105,44,,,
107,105,6,,,
108,105,2,,,
109,105,1,,,
116,105,1,,,
117,105,1,,,
127,105,2,,,
167,105,6,,,
168,105,2,,,
180,105,40,,,
181,105,1,,,
183,105,5,,,
8,106,2,,,
9,106,1,,,
20,106,3,,,
21,106,3,,,
22,106,1,,,
23,106,1,,,
39,106,1,,,
47,106,1,,,
48,106,2,,,
53,106,1,,,
54,106,1,,,
71,106,3,,,
72,106,1,,,
87,106,1,,,
89,106,29,,,
90,106,28,,,
91,106,12,,,
101,106,20,,,
102,106,10,,,
105,106,46,,,
107,106,5,,,
108,106,2,,,
116,106,1,,,
117,106,3,,,
118,106,5,,,
124,106,1,,,
128,106,1,,,
139,106,2,,,
140,106,1,,,
142,106,2,,,
143,106,2,,,
147,106,1,,,
152,106,2,,,
166,106,14,,,
167,106,28,,,
168,106,11,,,
170,106,2,,,
176,106,1,,,
180,106,35,,,
181,106,2,,,
183,106,1,,,
4,107,1,,,
8,107,16,,,
9,107,6,,,
15,107,8,,,
16,107,19,,,
17,107,3,,,
20,107,5,,,
21,107,17,,,
22,107,18,,,
23,107,7,,,
24,107,6,,,
25,107,6,,,
37,107,4,,,
39,107,4,,,
46,107,4,,,
47,107,13,,,
48,107,13,,,
54,107,7,,,
56,107,4,,,
58,107,14,,,
59,107,7,,,
67,107,3,,,
70,107,1,,,
71,107,4,,,
72,107,6,,,
73,107,2,,,
76,107,1,,,
81,107,5,,,
82,107,20,,,
84,107,4,,,
85,107,2,,,
86,107,9,,,
87,107,13,,,
88,107,4,,,
89,107,1,,,
90,107,3,,,
91,107,5,,,
93,107,1,,,
94,107,1,,,
101,107,4,,,
102,107,15,,,
104,107,13,,,
105,107,3,,,
106,107,4,,,
108,107,83,,,
109,107,13,,,
110,107,1,,,
111,107,1,,,
116,107,7,,,
117,107,2,,,
118,107,9,,,
119,107,24,,,
120,107,11,,,
122,107,4,,,
124,107,9,,,
125,107,18,,,
126,107,1,,,
127,107,2,,,
128,107,1,,,
129,107,1,,,
138,107,4,,,
139,107,1,,,
140,107,3,,,
142,107,15,,,
143,107,21,,,
147,107,3,,,
151,107,21,,,
152,107,9,,,
166,107,10,,,
167,107,6,,,
168,107,8,,,
169,107,2,,,
170,107,3,,,
171,107,1,,,
173,107,1,,,
174,107,2,,,
176,107,27,,,
177,107,21,,,
180,107,2,,,
183,107,2,,,
4,108,1,,,
5,108,1,,,
7,108,1,,,
8,108,7,,,
9,108,4,,,
15,108,9,,,
16,108,8,,,
17,108,1,,,
20,108,10,,,
21,108,13,,,
22,108,21,,,
23,108,5,,,
24,108,4,,,
25,108,2,,,
35,108,2,,,
37,108,1,,,
46,108,2,,,
47,108,14,,,
48,108,10,,,
54,108,3,,,
57,108,2,,,
58,108,7,,,
59,108,4,,,
71,108,1,,,
72,108,3,,,
73,108,2,,,
76,108,1,,,
81,108,1,,,
82,108,4,,,
84,108,5,,,
85,108,1,,,
86,108,9,,,
87,108,6,,,
88,108,1,,,
89,108,4,,,
90,108,2,,,
91,108,5,,,
94,108,1,,,
102,108,16,,,
104,108,17,,,
105,108,2,,,
106,108,2,,,
107,108,77,,,
109,108,6,,,
111,108,1,,,
117,108,1,,,
118,108,10,,,
119,108,12,,,
120,108,5,,,
124,108,22,,,
125,108,11,,,
126,108,5,,,
127,108,1,,,
128,108,1,,,
129,108,2,,,
138,108,1,,,
139,108,4,,,
140,108,1,,,
142,108,15,,,
143,108,24,,,
147,108,2,,,
151,108,17,,,
152,108,16,,,
166,108,5,,,
167,108,2,,,
168,108,4,,,
170,108,3,,,
171,108,3,,,
173,108,1,,,
174,108,2,,,
176,108,45,,,
177,108,26,,,
180,108,1,,,
4,109,1,,,
8,109,1,,,
9,109,1,,,
15,109,2,,,
16,109,2,,,
22,109,5,,,
23,109,1,,,
24,109,1,,,
25,109,1,,,
46,109,1,,,
47,109,1,,,
48,109,1,,,
53,109,3,,,
54,109,2,,,
58,109,2,,,
59,109,3,,,
71,109,2,,,
72,109,2,,,
81,109,1,,,
84,109,1,,,
85,109,1,,,
86,109,1,,,
87,109,2,,,
90,109,4,,,
102,109,1,,,
104,109,1,,,
107,109,15,,,
108,109,5,,,
116,109,1,,,
117,109,1,,,
118,109,1,,,
120,109,2,,,
143,109,6,,,
147,109,1,,,
151,109,7,,,
152,109,1,,,
165,109,3,,,
166,109,1,,,
168,109,2,,,
171,109,1,,,
173,109,3,,,
176,109,2,,,
8,110,1,,,
17,110,1,,,
24,110,3,,,
25,110,1,,,
81,110,3,,,
84,110,1,,,
85,110,1,,,
86,110,7,,,
90,110,1,,,
102,110,1,,,
107,110,1,,,
119,110,1,,,
120,110,2,,,
124,110,1,,,
125,110,2,,,
126,110,2,,,
142,110,2,,,
143,110,1,,,
173,110,1,,,
177,110,1,,,
7,111,1,,,
24,111,13,,,
25,111,1,,,
48,111,1,,,
50,111,1,,,
67,111,2,,,
81,111,1,,,
82,111,1,,,
85,111,1,,,
86,111,3,,,
104,111,2,,,
107,111,1,,,
108,111,1,,,
121,111,4,,,
126,111,2,,,
143,111,5,,,
173,111,1,,,
9,112,1,,,
38,112,1,,,
48,112,1,,,
64,112,2,,,
73,112,2,,,
157,112,6,,,
177,112,1,,,
69,113,1,,,
70,113,1,,,
73,113,1,,,
85,113,1,,,
105,113,1,,,
116,113,1,,,
169,113,1,,,
73,114,4,,,
73,115,15,,,
8,116,1,,,
9,116,1,,,
15,116,4,,,
16,116,2,,,
20,116,1,,,
21,116,2,,,
22,116,3,,,
23,116,1,,,
37,116,6,,,
38,116,1,,,
39,116,4,,,
47,116,2,,,
53,116,1,,,
54,116,2,,,
58,116,8,,,
59,116,17,,,
71,116,4,,,
72,116,11,,,
82,116,3,,,
84,116,1,,,
87,116,30,,,
88,116,6,,,
89,116,2,,,
90,116,5,,,
91,116,5,,,
102,116,2,,,
105,116,1,,,
107,116,6,,,
108,116,2,,,
109,116,4,,,
117,116,14,,,
118,116,34,,,
119,116,4,,,
120,116,2,,,
127,116,1,,,
128,116,2,,,
142,116,3,,,
143,116,2,,,
151,116,25,,,
152,116,1,,,
166,116,2,,,
167,116,1,,,
168,116,4,,,
173,116,1,,,
176,116,1,,,
177,116,1,,,
180,116,2,,,
10,117,3,,,
15,117,4,,,
16,117,1,,,
20,117,1,,,
21,117,2,,,
22,117,2,,,
23,117,1,,,
35,117,1,,,
37,117,2,,,
39,117,4,,,
54,117,1,,,
58,117,1,,,
59,117,4,,,
71,117,20,,,
72,117,18,,,
87,117,5,,,
89,117,8,,,
90,117,16,,,
91,117,22,,,
106,117,2,,,
107,117,2,,,
108,117,1,,,
109,117,1,,,
116,117,11,,,
118,117,56,,,
125,117,3,,,
127,117,1,,,
128,117,1,,,
142,117,3,,,
143,117,2,,,
151,117,7,,,
167,117,5,,,
168,117,11,,,
176,117,2,,,
180,117,4,,,
9,118,3,,,
13,118,1,,,
15,118,3,,,
16,118,5,,,
20,118,7,,,
21,118,14,,,
22,118,3,,,
23,118,2,,,
37,118,4,,,
38,118,3,,,
39,118,5,,,
53,118,1,,,
54,118,1,,,
57,118,1,,,
58,118,3,,,
59,118,4,,,
71,118,5,,,
72,118,17,,,
87,118,16,,,
88,118,3,,,
89,118,7,,,
90,118,24,,,
91,118,14,,,
92,118,1,,,
101,118,2,,,
102,118,15,,,
104,118,1,,,
105,118,1,,,
106,118,2,,,
107,118,13,,,
108,118,12,,,
116,118,39,,,
117,118,65,,,
140,118,2,,,
142,118,3,,,
143,118,5,,,
151,118,30,,,
152,118,5,,,
166,118,10,,,
167,118,12,,,
168,118,23,,,
169,118,1,,,
170,118,1,,,
171,118,1,,,
176,118,4,,,
177,118,5,,,
180,118,1,,,
8,119,3,,,
20,119,1,,,
21,119,1,,,
23,119,1,,,
24,119,10,,,
25,119,3,,,
47,119,2,,,
48,119,2,,,
56,119,2,,,
71,119,1,,,
81,119,2,,,
82,119,4,,,
84,119,7,,,
85,119,2,,,
86,119,6,,,
104,119,19,,,
107,119,20,,,
108,119,14,,,
109,119,2,,,
110,119,1,,,
116,119,3,,,
118,119,3,,,
120,119,58,,,
124,119,11,,,
125,119,14,,,
126,119,6,,,
139,119,1,,,
142,119,1,,,
143,119,3,,,
151,119,2,,,
152,119,2,,,
173,119,1,,,
174,119,2,,,
176,119,7,,,
177,119,5,,,
9,120,3,,,
15,120,1,,,
17,120,1,,,
20,120,1,,,
24,120,12,,,
25,120,3,,,
48,120,1,,,
58,120,1,,,
81,120,1,,,
82,120,1,,,
84,120,11,,,
85,120,6,,,
86,120,3,,,
104,120,17,,,
107,120,11,,,
108,120,6,,,
109,120,2,,,
110,120,2,,,
116,120,1,,,
119,120,59,,,
124,120,2,,,
125,120,12,,,
126,120,4,,,
143,120,2,,,
152,120,2,,,
167,120,2,,,
170,120,2,,,
173,120,2,,,
176,120,3,,,
177,120,3,,,
180,120,1,,,
5,121,1,,,
70,121,1,,,
82,121,3,,,
86,121,1,,,
111,121,4,,,
4,122,5,,,
7,122,1,,,
89,122,1,,,
4,123,2,,,
5,123,1,,,
8,124,2,,,
9,124,2,,,
11,124,2,,,
16,124,1,,,
21,124,2,,,
22,124,1,,,
23,124,5,,,
24,124,2,,,
37,124,1,,,
47,124,10,,,
48,124,3,,,
59,124,1,,,
81,124,2,,,
84,124,3,,,
85,124,1,,,
86,124,1,,,
87,124,1,,,
89,124,1,,,
92,124,1,,,
104,124,7,,,
106,124,1,,,
107,124,10,,,
108,124,25,,,
110,124,1,,,
117,124,1,,,
119,124,12,,,
120,124,1,,,
125,124,38,,,
126,124,4,,,
142,124,3,,,
143,124,4,,,
151,124,1,,,
166,124,2,,,
168,124,2,,,
171,124,3,,,
176,124,13,,,
177,124,1,,,
8,125,5,,,
9,125,2,,,
20,125,1,,,
22,125,3,,,
23,125,1,,,
24,125,7,,,
25,125,3,,,
35,125,1,,,
47,125,3,,,
48,125,10,,,
56,125,1,,,
58,125,1,,,
72,125,1,,,
82,125,2,,,
84,125,4,,,
85,125,1,,,
86,125,1,,,
91,125,1,,,
102,125,2,,,
104,125,2,,,
107,125,15,,,
108,125,11,,,
110,125,2,,,
117,125,1,,,
119,125,13,,,
120,125,5,,,
124,125,34,,,
126,125,23,,,
139,125,3,,,
140,125,2,,,
142,125,4,,,
143,125,2,,,
151,125,3,,,
166,125,2,,,
170,125,1,,,
171,125,5,,,
173,125,2,,,
176,125,8,,,
8,126,6,,,
24,126,4,,,
48,126,6,,,
84,126,20,,,
86,126,1,,,
100,126,1,,,
107,126,3,,,
108,126,6,,,
110,126,2,,,
111,126,1,,,
112,126,1,,,
119,126,7,,,
120,126,9,,,
124,126,4,,,
125,126,24,,,
142,126,1,,,
143,126,1,,,
167,126,1,,,
169,126,1,,,
170,126,1,,,
171,126,2,,,
8,127,1,,,
16,127,2,,,
22,127,1,,,
25,127,1,,,
35,127,2,,,
36,127,2,,,
37,127,2,,,
38,127,1,,,
40,127,1,,,
53,127,3,,,
54,127,27,,,
71,127,4,,,
72,127,3,,,
82,127,1,,,
87,127,2,,,
88,127,1,,,
89,127,2,,,
105,127,1,,,
106,127,1,,,
108,127,5,,,
116,127,1,,,
117,127,1,,,
128,127,41,,,
129,127,12,,,
148,127,1,,,
15,128,1,,,
22,128,1,,,
53,128,3,,,
54,128,8,,,
71,128,1,,,
87,128,2,,,
107,128,1,,,
108,128,1,,,
116,128,4,,,
127,128,45,,,
129,128,15,,,
142,128,1,,,
143,128,1,,,
151,128,1,,,
152,128,1,,,
171,128,1,,,
16,129,5,,,
37,129,1,,,
39,129,1,,,
53,129,2,,,
54,129,76,,,
59,129,2,,,
72,129,2,,,
87,129,5,,,
88,129,5,,,
89,129,1,,,
108,129,1,,,
116,129,1,,,
127,129,14,,,
128,129,18,,,
143,129,2,,,
147,129,1,,,
176,129,1,,,
177,129,1,,,
64,130,4,,,
66,130,4,,,
67,130,2,,,
68,130,5,,,
70,130,2,,,
98,130,1,,,
125,131,1,,,
147,133,2,,,
103,134,1,,,
74,135,4,,,
101,135,2,,,
169,135,1,,,
83,136,1,,,
4,137,2,,,
17,138,9,,,
46,138,10,,,
56,138,34,,,
57,138,17,,,
76,138,2,,,
81,138,1,,,
104,138,1,,,
107,138,3,,,
108,138,1,,,
147,138,57,,,
175,138,1,,,
8,139,9,,,
9,139,41,,,
20,139,1,,,
22,139,1,,,
40,139,2,,,
47,139,5,,,
48,139,12,,,
58,139,1,,,
85,139,1,,,
87,139,1,,,
89,139,1,,,
90,139,1,,,
101,139,15,,,
102,139,17,,,
106,139,5,,,
107,139,1,,,
108,139,3,,,
140,139,25,,,
141,139,3,,,
142,139,1,,,
152,139,1,,,
166,139,3,,,
168,139,2,,,
169,139,3,,,
176,139,3,,,
180,139,2,,,
8,140,4,,,
9,140,31,,,
22,140,1,,,
25,140,1,,,
48,140,1,,,
66,140,1,,,
73,140,1,,,
90,140,1,,,
93,140,1,,,
101,140,4,,,
102,140,1,,,
104,140,1,,,
106,140,1,,,
107,140,4,,,
108,140,1,,,
117,140,1,,,
118,140,2,,,
119,140,1,,,
139,140,18,,,
141,140,4,,,
143,140,2,,,
151,140,4,,,
167,140,1,,,
169,140,3,,,
170,140,8,,,
171,140,7,,,
176,140,2,,,
9,141,1,,,
24,141,1,,,
102,141,1,,,
139,141,2,,,
140,141,5,,,
143,141,1,,,
168,141,2,,,
169,141,3,,,
171,141,1,,,
8,142,1,,,
9,142,1,,,
15,142,9,,,
16,142,5,,,
21,142,4,,,
22,142,4,,,
24,142,2,,,
47,142,3,,,
54,142,2,,,
58,142,50,,,
59,142,2,,,
72,142,1,,,
78,142,1,,,
81,142,1,,,
87,142,10,,,
88,142,2,,,
91,142,1,,,
106,142,2,,,
107,142,12,,,
108,142,10,,,
109,142,1,,,
110,142,1,,,
116,142,5,,,
117,142,3,,,
118,142,5,,,
119,142,1,,,
124,142,6,,,
125,142,1,,,
126,142,1,,,
128,142,2,,,
129,142,1,,,
143,142,14,,,
151,142,11,,,
152,142,20,,,
166,142,1,,,
168,142,1,,,
170,142,1,,,
176,142,2,,,
177,142,7,,,
6,143,1,,,
8,143,1,,,
9,143,2,,,
15,143,3,,,
16,143,4,,,
17,143,1,,,
21,143,1,,,
22,143,5,,,
23,143,1,,,
25,143,1,,,
35,143,2,,,
47,143,1,,,
48,143,4,,,
54,143,4,,,
57,143,2,,,
58,143,16,,,
59,143,4,,,
72,143,2,,,
73,143,1,,,
77,143,1,,,
81,143,1,,,
82,143,6,,,
85,143,3,,,
86,143,1,,,
87,143,4,,,
88,143,5,,,
89,143,1,,,
91,143,2,,,
100,143,1,,,
101,143,2,,,
102,143,8,,,
104,143,13,,,
106,143,2,,,
107,143,20,,,
108,143,24,,,
109,143,6,,,
110,143,1,,,
111,143,5,,,
116,143,2,,,
117,143,1,,,
118,143,5,,,
119,143,3,,,
120,143,1,,,
124,143,4,,,
125,143,3,,,
126,143,1,,,
129,143,2,,,
140,143,1,,,
141,143,1,,,
142,143,15,,,
147,143,5,,,
151,143,6,,,
152,143,7,,,
154,143,1,,,
168,143,1,,,
169,143,2,,,
171,143,1,,,
173,143,1,,,
176,143,7,,,
177,143,3,,,
5,144,1,,,
3,145,2,,,
4,145,3,,,
5,145,1,,,
17,146,2,,,
46,146,2,,,
56,146,1,,,
76,146,8,,,
147,146,3,,,
4,147,3,,,
17,147,54,,,
25,147,2,,,
46,147,45,,,
56,147,153,,,
57,147,40,,,
76,147,19,,,
77,147,2,,,
82,147,1,,,
90,147,1,,,
104,147,1,,,
106,147,1,,,
107,147,3,,,
108,147,3,,,
109,147,1,,,
111,147,1,,,
120,147,1,,,
138,147,54,,,
142,147,1,,,
143,147,2,,,
146,147,2,,,
154,147,12,,,
155,147,3,,,
175,147,1,,,
11,148,1,,,
92,148,2,,,
93,148,2,,,
94,148,1,,,
129,148,1,,,
149,148,1,,,
102,149,1,,,
148,149,1,,,
8,151,3,,,
9,151,1,,,
15,151,3,,,
16,151,8,,,
20,151,4,,,
21,151,29,,,
22,151,17,,,
23,151,2,,,
35,151,1,,,
37,151,3,,,
38,151,1,,,
39,151,2,,,
54,151,2,,,
58,151,62,,,
59,151,18,,,
71,151,2,,,
72,151,9,,,
73,151,1,,,
82,151,1,,,
83,151,2,,,
87,151,10,,,
88,151,1,,,
89,151,2,,,
90,151,1,,,
91,151,1,,,
101,151,1,,,
102,151,3,,,
107,151,24,,,
108,151,17,,,
109,151,7,,,
116,151,23,,,
117,151,6,,,
118,151,31,,,
119,151,2,,,
124,151,1,,,
125,151,2,,,
127,151,2,,,
128,151,1,,,
129,151,2,,,
139,151,2,,,
142,151,7,,,
143,151,5,,,
152,151,23,,,
155,151,1,,,
166,151,9,,,
167,151,4,,,
168,151,8,,,
176,151,6,,,
177,151,7,,,
180,151,1,,,
8,152,4,,,
11,152,2,,,
15,152,7,,,
16,152,2,,,
21,152,4,,,
22,152,12,,,
23,152,1,,,
24,152,1,,,
25,152,1,,,
38,152,1,,,
47,152,2,,,
48,152,4,,,
54,152,1,,,
58,152,9,,,
59,152,1,,,
72,152,1,,,
82,152,1,,,
85,152,1,,,
87,152,4,,,
89,152,3,,,
91,152,1,,,
102,152,3,,,
104,152,5,,,
106,152,1,,,
107,152,11,,,
108,152,17,,,
109,152,2,,,
116,152,1,,,
117,152,2,,,
118,152,4,,,
119,152,2,,,
120,152,3,,,
128,152,1,,,
139,152,1,,,
142,152,24,,,
143,152,8,,,
151,152,15,,,
166,152,2,,,
168,152,1,,,
173,152,1,,,
176,152,4,,,
177,152,16,,,
180,152,1,,,
25,153,2,,,
64,153,1,,,
73,153,10,,,
75,153,5,,,
85,153,1,,,
93,153,1,,,
114,153,1,,,
118,153,1,,,
157,153,1,,,
15,154,1,,,
17,154,3,,,
25,154,1,,,
56,154,8,,,
57,154,1,,,
90,154,1,,,
147,154,12,,,
155,154,6,,,
4,155,1,,,
8,155,1,,,
23,155,1,,,
57,155,1,,,
76,155,1,,,
120,155,1,,,
138,155,1,,,
55,156,1,,,
73,157,1,,,
76,157,2,,,
153,157,1,,,
133,160,2,,,
92,161,1,,,
49,164,2,,,
94,164,8,,,
165,164,2,,,
51,165,1,,,
59,165,1,,,
92,165,2,,,
93,165,1,,,
94,165,7,,,
8,166,3,,,
9,166,1,,,
16,166,2,,,
20,166,30,,,
21,166,19,,,
22,166,8,,,
23,166,4,,,
39,166,1,,,
46,166,1,,,
47,166,2,,,
48,166,1,,,
54,166,2,,,
56,166,1,,,
71,166,2,,,
73,166,1,,,
85,166,1,,,
87,166,1,,,
89,166,6,,,
90,166,2,,,
91,166,3,,,
92,166,1,,,
93,166,1,,,
101,166,6,,,
102,166,23,,,
104,166,1,,,
105,166,1,,,
106,166,12,,,
107,166,11,,,
108,166,3,,,
116,166,1,,,
118,166,18,,,
124,166,2,,,
139,166,2,,,
151,166,10,,,
152,166,1,,,
167,166,11,,,
168,166,52,,,
170,166,1,,,
176,166,4,,,
177,166,1,,,
180,166,5,,,
183,166,2,,,
8,167,2,,,
16,167,1,,,
20,167,8,,,
21,167,4,,,
22,167,4,,,
37,167,2,,,
47,167,1,,,
48,167,1,,,
54,167,1,,,
58,167,3,,,
72,167,3,,,
73,167,1,,,
87,167,3,,,
88,167,1,,,
89,167,5,,,
90,167,12,,,
91,167,6,,,
101,167,4,,,
102,167,17,,,
105,167,5,,,
106,167,20,,,
107,167,5,,,
108,167,1,,,
117,167,3,,,
118,167,16,,,
120,167,1,,,
126,167,1,,,
139,167,4,,,
151,167,5,,,
153,167,1,,,
166,167,18,,,
168,167,47,,,
176,167,6,,,
178,167,1,,,
180,167,4,,,
181,167,2,,,
9,168,1,,,
20,168,12,,,
21,168,12,,,
22,168,7,,,
23,168,7,,,
25,168,2,,,
37,168,1,,,
38,168,1,,,
48,168,1,,,
54,168,2,,,
56,168,1,,,
71,168,1,,,
72,168,2,,,
84,168,1,,,
85,168,1,,,
87,168,2,,,
89,168,17,,,
90,168,11,,,
91,168,6,,,
99,168,1,,,
101,168,1,,,
102,168,20,,,
105,168,2,,,
106,168,17,,,
107,168,8,,,
108,168,1,,,
109,168,2,,,
116,168,4,,,
117,168,7,,,
118,168,29,,,
124,168,2,,,
126,168,1,,,
141,168,2,,,
142,168,2,,,
143,168,1,,,
151,168,6,,,
166,168,57,,,
167,168,47,,,
169,168,2,,,
170,168,2,,,
173,168,1,,,
175,168,1,,,
177,168,4,,,
180,168,5,,,
8,169,1,,,
9,169,13,,,
47,169,1,,,
48,169,3,,,
73,169,2,,,
85,169,2,,,
91,169,1,,,
107,169,1,,,
118,169,1,,,
125,169,1,,,
126,169,1,,,
139,169,2,,,
140,169,6,,,
141,169,3,,,
170,169,7,,,
171,169,2,,,
176,169,1,,,
8,170,10,,,
9,170,32,,,
25,170,1,,,
47,170,2,,,
48,170,17,,,
84,170,4,,,
85,170,4,,,
87,170,1,,,
90,170,1,,,
102,170,2,,,
104,170,2,,,
106,170,2,,,
107,170,4,,,
108,170,4,,,
118,170,1,,,
120,170,3,,,
125,170,1,,,
126,170,1,,,
129,170,2,,,
140,170,4,,,
142,170,1,,,
143,170,1,,,
166,170,1,,,
168,170,2,,,
169,170,10,,,
171,170,31,,,
177,170,1,,,
180,170,2,,,
8,171,3,,,
9,171,3,,,
25,171,1,,,
48,171,14,,,
58,171,1,,,
71,171,1,,,
82,171,2,,,
84,171,9,,,
85,171,2,,,
86,171,1,,,
102,171,2,,,
107,171,1,,,
108,171,2,,,
109,171,1,,,
118,171,1,,,
120,171,1,,,
124,171,5,,,
125,171,5,,,
126,171,2,,,
141,171,2,,,
169,171,8,,,
170,171,29,,,
176,171,3,,,
177,171,1,,,
73,172,2,,,
139,172,2,,,
7,173,1,,,
16,173,1,,,
22,173,1,,,
23,173,1,,,
24,173,7,,,
25,173,3,,,
76,173,2,,,
81,173,6,,,
82,173,1,,,
84,173,1,,,
85,173,3,,,
102,173,1,,,
104,173,7,,,
107,173,4,,,
109,173,2,,,
110,173,1,,,
111,173,1,,,
116,173,1,,,
119,173,1,,,
120,173,2,,,
125,173,1,,,
143,173,1,,,
152,173,2,,,
170,173,2,,,
174,173,5,,,
175,173,12,,,
176,173,1,,,
177,173,1,,,
24,174,1,,,
47,174,1,,,
81,174,6,,,
82,174,1,,,
104,174,2,,,
107,174,3,,,
108,174,4,,,
119,174,2,,,
173,174,5,,,
23,175,1,,,
41,175,1,,,
56,175,1,,,
81,175,1,,,
147,175,1,,,
173,175,10,,,
8,176,15,,,
9,176,2,,,
15,176,1,,,
16,176,4,,,
20,176,4,,,
21,176,6,,,
22,176,6,,,
23,176,4,,,
24,176,1,,,
25,176,1,,,
35,176,1,,,
38,176,1,,,
46,176,1,,,
47,176,21,,,
48,176,10,,,
57,176,1,,,
58,176,2,,,
68,176,2,,,
71,176,2,,,
73,176,3,,,
82,176,1,,,
85,176,1,,,
86,176,1,,,
89,176,1,,,
90,176,2,,,
92,176,1,,,
102,176,9,,,
104,176,6,,,
106,176,2,,,
107,176,29,,,
108,176,37,,,
109,176,4,,,
116,176,2,,,
117,176,1,,,
118,176,3,,,
119,176,6,,,
120,176,2,,,
124,176,13,,,
125,176,8,,,
129,176,1,,,
139,176,2,,,
140,176,3,,,
142,176,2,,,
143,176,2,,,
151,176,4,,,
152,176,6,,,
166,176,4,,,
167,176,6,,,
169,176,1,,,
171,176,4,,,
173,176,1,,,
177,176,17,,,
15,177,2,,,
16,177,1,,,
20,177,6,,,
21,177,8,,,
22,177,28,,,
23,177,8,,,
24,177,3,,,
38,177,1,,,
47,177,2,,,
48,177,3,,,
58,177,12,,,
59,177,2,,,
71,177,1,,,
72,177,2,,,
84,177,3,,,
86,177,1,,,
87,177,3,,,
88,177,2,,,
90,177,3,,,
93,177,1,,,
101,177,4,,,
102,177,7,,,
104,177,4,,,
107,177,16,,,
108,177,14,,,
109,177,2,,,
118,177,5,,,
119,177,4,,,
120,177,4,,,
124,177,2,,,
125,177,6,,,
129,177,1,,,
140,177,1,,,
142,177,6,,,
143,177,4,,,
151,177,10,,,
152,177,18,,,
153,177,1,,,
166,177,1,,,
168,177,3,,,
170,177,1,,,
171,177,1,,,
173,177,1,,,
176,177,19,,,
141,178,1,,,
167,178,1,,,
181,178,2,,,
35,179,1,,,
37,179,2,,,
39,179,1,,,
56,179,1,,,
67,179,1,,,
72,179,1,,,
89,179,9,,,
91,179,3,,,
102,179,1,,,
151,179,1,,,
153,179,2,,,
180,179,1,,,
183,179,8,,,
16,180,1,,,
39,180,2,,,
71,180,2,,,
72,180,3,,,
87,180,1,,,
89,180,32,,,
90,180,6,,,
91,180,1,,,
101,180,4,,,
102,180,3,,,
105,180,49,,,
106,180,30,,,
107,180,2,,,
108,180,1,,,
116,180,1,,,
117,180,3,,,
118,180,1,,,
120,180,1,,,
134,180,2,,,
139,180,4,,,
141,180,1,,,
148,180,1,,,
151,180,3,,,
152,180,1,,,
166,180,2,,,
167,180,2,,,
168,180,11,,,
170,180,1,,,
176,180,1,,,
177,180,1,,,
179,180,3,,,
181,180,4,,,
183,180,11,,,
8,181,1,,,
35,181,1,,,
73,181,1,,,
89,181,1,,,
91,181,1,,,
101,181,6,,,
102,181,1,,,
105,181,2,,,
106,181,2,,,
112,181,1,,,
178,181,1,,,
180,181,4,,,
183,181,2,,,
39,183,1,,,
89,183,2,,,
90,183,1,,,
91,183,1,,,
101,183,1,,,
106,183,5,,,
107,183,3,,,
117,183,1,,,
166,183,2,,,
167,183,1,,,
179,183,9,,,
180,183,11,,,